Library1,Name1,Studbook1,Library2,Name2,Studbook2,Kinship,Group
AC1,Umi,7,AC2,Mana,17,0.048,Modern
AC1,Umi,7,AC3,Lanakila,75,0.001,Modern
AC1,Umi,7,AC4,HiwaHiwa,36,0,Modern
AC1,Umi,7,AC7,Kehau,41,0.013,Modern
AC1,Umi,7,AC8,Hiapo,74,0.067,Modern
AC1,Umi,7,CH10,Kahuli,79,0.002,Modern
AC1,Umi,7,CH11,Ulia,68,0,Modern
AC1,Umi,7,CH12,Lehua,81,0.002,Modern
AC1,Umi,7,CH13,Noe,58,0.003,Modern
AC1,Umi,7,CH14,Kelii,26,0.068,Modern
AC1,Umi,7,CH15,Konaku,71,0.109,Modern
AC1,Umi,7,CH16,Malama,39,0.023,Modern
AC1,Umi,7,CH1,Hoike,32,0.046,Modern
AC1,Umi,7,CH2,Kalani,27,0.141,Modern
AC1,Umi,7,CH3,Lokahi,38,0.017,Modern
AC1,Umi,7,CH4,Kolohe,25,0.004,Modern
AC1,Umi,7,CH5,Luukia,13,0,Modern
AC1,Umi,7,CH6,Hulu,80,0.008,Modern
AC1,Umi,7,CH7,Kehau,41,0,Modern
AC1,Umi,7,CH8,Eleele,69,0,Modern
AC1,Umi,7,CH9,Hoapili,37,0,Modern
AC1,Umi,7,HOOKU,Hooku,31,0,Modern
AC1,Umi,7,HulaliABC,Hulali,40,0,Modern
AC1,Umi,7,KEAWE,Keawe,28,0.086,Modern
AC1,Umi,7,KINOHE,Kinohi,33,0.07,Modern
AC2,Mana,17,AC3,Lanakila,75,0,Modern
AC2,Mana,17,AC4,HiwaHiwa,36,0.001,Modern
AC2,Mana,17,AC7,Kehau,41,0.004,Modern
AC2,Mana,17,AC8,Hiapo,74,0.027,Modern
AC2,Mana,17,CH10,Kahuli,79,0.001,Modern
AC2,Mana,17,CH11,Ulia,68,0.034,Modern
AC2,Mana,17,CH12,Lehua,81,0.008,Modern
AC2,Mana,17,CH13,Noe,58,0.015,Modern
AC2,Mana,17,CH14,Kelii,26,0.248,Modern
AC2,Mana,17,CH15,Konaku,71,0.178,Modern
AC2,Mana,17,CH16,Malama,39,0.1,Modern
AC2,Mana,17,CH1,Hoike,32,0.147,Modern
AC2,Mana,17,CH2,Kalani,27,0.099,Modern
AC2,Mana,17,CH3,Lokahi,38,0.154,Modern
AC2,Mana,17,CH4,Kolohe,25,0.004,Modern
AC2,Mana,17,CH5,Luukia,13,0.056,Modern
AC2,Mana,17,CH6,Hulu,80,0.137,Modern
AC2,Mana,17,CH7,Kehau,41,0.018,Modern
AC2,Mana,17,CH8,Eleele,69,0.108,Modern
AC2,Mana,17,CH9,Hoapili,37,0,Modern
AC2,Mana,17,HOOKU,Hooku,31,0.047,Modern
AC2,Mana,17,HulaliABC,Hulali,40,0,Modern
AC2,Mana,17,KEAWE,Keawe,28,0.045,Modern
AC2,Mana,17,KINOHE,Kinohi,33,0.004,Modern
AC3,Lanakila,75,AC4,HiwaHiwa,36,0.105,Modern
AC3,Lanakila,75,AC7,Kehau,41,0.07,Modern
AC3,Lanakila,75,AC8,Hiapo,74,0.022,Modern
AC3,Lanakila,75,CH10,Kahuli,79,0.025,Modern
AC3,Lanakila,75,CH11,Ulia,68,0.051,Modern
AC3,Lanakila,75,CH12,Lehua,81,0.025,Modern
AC3,Lanakila,75,CH13,Noe,58,0.059,Modern
AC3,Lanakila,75,CH14,Kelii,26,0,Modern
AC3,Lanakila,75,CH15,Konaku,71,0,Modern
AC3,Lanakila,75,CH16,Malama,39,0.019,Modern
AC3,Lanakila,75,CH1,Hoike,32,0,Modern
AC3,Lanakila,75,CH2,Kalani,27,0,Modern
AC3,Lanakila,75,CH3,Lokahi,38,0.047,Modern
AC3,Lanakila,75,CH4,Kolohe,25,0.057,Modern
AC3,Lanakila,75,CH5,Luukia,13,0.014,Modern
AC3,Lanakila,75,CH6,Hulu,80,0.002,Modern
AC3,Lanakila,75,CH7,Kehau,41,0.022,Modern
AC3,Lanakila,75,CH8,Eleele,69,0.015,Modern
AC3,Lanakila,75,CH9,Hoapili,37,0.157,Modern
AC3,Lanakila,75,HOOKU,Hooku,31,0.032,Modern
AC3,Lanakila,75,HulaliABC,Hulali,40,0.046,Modern
AC3,Lanakila,75,KEAWE,Keawe,28,0,Modern
AC3,Lanakila,75,KINOHE,Kinohi,33,0,Modern
AC4,HiwaHiwa,36,AC7,Kehau,41,0.024,Modern
AC4,HiwaHiwa,36,AC8,Hiapo,74,0.033,Modern
AC4,HiwaHiwa,36,CH10,Kahuli,79,0.007,Modern
AC4,HiwaHiwa,36,CH11,Ulia,68,0.045,Modern
AC4,HiwaHiwa,36,CH12,Lehua,81,0.005,Modern
AC4,HiwaHiwa,36,CH13,Noe,58,0.099,Modern
AC4,HiwaHiwa,36,CH14,Kelii,26,0,Modern
AC4,HiwaHiwa,36,CH15,Konaku,71,0.003,Modern
AC4,HiwaHiwa,36,CH16,Malama,39,0.022,Modern
AC4,HiwaHiwa,36,CH1,Hoike,32,0,Modern
AC4,HiwaHiwa,36,CH2,Kalani,27,0,Modern
AC4,HiwaHiwa,36,CH3,Lokahi,38,0.037,Modern
AC4,HiwaHiwa,36,CH4,Kolohe,25,0.05,Modern
AC4,HiwaHiwa,36,CH5,Luukia,13,0.023,Modern
AC4,HiwaHiwa,36,CH6,Hulu,80,0.015,Modern
AC4,HiwaHiwa,36,CH7,Kehau,41,0.064,Modern
AC4,HiwaHiwa,36,CH8,Eleele,69,0.016,Modern
AC4,HiwaHiwa,36,CH9,Hoapili,37,0.098,Modern
AC4,HiwaHiwa,36,HOOKU,Hooku,31,0.001,Modern
AC4,HiwaHiwa,36,HulaliABC,Hulali,40,0.12,Modern
AC4,HiwaHiwa,36,KEAWE,Keawe,28,0,Modern
AC4,HiwaHiwa,36,KINOHE,Kinohi,33,0,Modern
AC7,Kehau,41,AC8,Hiapo,74,0.066,Modern
AC7,Kehau,41,CH10,Kahuli,79,0.005,Modern
AC7,Kehau,41,CH11,Ulia,68,0.012,Modern
AC7,Kehau,41,CH12,Lehua,81,0.048,Modern
AC7,Kehau,41,CH13,Noe,58,0.018,Modern
AC7,Kehau,41,CH14,Kelii,26,0,Modern
AC7,Kehau,41,CH15,Konaku,71,0.003,Modern
AC7,Kehau,41,CH16,Malama,39,0.037,Modern
AC7,Kehau,41,CH1,Hoike,32,0,Modern
AC7,Kehau,41,CH2,Kalani,27,0,Modern
AC7,Kehau,41,CH3,Lokahi,38,0.056,Modern
AC7,Kehau,41,CH4,Kolohe,25,0.03,Modern
AC7,Kehau,41,CH5,Luukia,13,0.008,Modern
AC7,Kehau,41,CH6,Hulu,80,0.025,Modern
AC7,Kehau,41,CH7,Kehau,41,0.054,Modern
AC7,Kehau,41,CH8,Eleele,69,0.004,Modern
AC7,Kehau,41,CH9,Hoapili,37,0.082,Modern
AC7,Kehau,41,HOOKU,Hooku,31,0.022,Modern
AC7,Kehau,41,HulaliABC,Hulali,40,0.006,Modern
AC7,Kehau,41,KEAWE,Keawe,28,0,Modern
AC7,Kehau,41,KINOHE,Kinohi,33,0.024,Modern
AC8,Hiapo,74,CH10,Kahuli,79,0,Modern
AC8,Hiapo,74,CH11,Ulia,68,0,Modern
AC8,Hiapo,74,CH12,Lehua,81,0.013,Modern
AC8,Hiapo,74,CH13,Noe,58,0.003,Modern
AC8,Hiapo,74,CH14,Kelii,26,0.004,Modern
AC8,Hiapo,74,CH15,Konaku,71,0.088,Modern
AC8,Hiapo,74,CH16,Malama,39,0.059,Modern
AC8,Hiapo,74,CH1,Hoike,32,0.075,Modern
AC8,Hiapo,74,CH2,Kalani,27,0.187,Modern
AC8,Hiapo,74,CH3,Lokahi,38,0.012,Modern
AC8,Hiapo,74,CH4,Kolohe,25,0.031,Modern
AC8,Hiapo,74,CH5,Luukia,13,0,Modern
AC8,Hiapo,74,CH6,Hulu,80,0,Modern
AC8,Hiapo,74,CH7,Kehau,41,0.017,Modern
AC8,Hiapo,74,CH8,Eleele,69,0.009,Modern
AC8,Hiapo,74,CH9,Hoapili,37,0.056,Modern
AC8,Hiapo,74,HOOKU,Hooku,31,0.003,Modern
AC8,Hiapo,74,HulaliABC,Hulali,40,0.009,Modern
AC8,Hiapo,74,KEAWE,Keawe,28,0.028,Modern
AC8,Hiapo,74,KINOHE,Kinohi,33,0.013,Modern
CH10,Kahuli,79,CH11,Ulia,68,0.066,Modern
CH10,Kahuli,79,CH12,Lehua,81,0.095,Modern
CH10,Kahuli,79,CH13,Noe,58,0.031,Modern
CH10,Kahuli,79,CH14,Kelii,26,0.007,Modern
CH10,Kahuli,79,CH15,Konaku,71,0.003,Modern
CH10,Kahuli,79,CH16,Malama,39,0.004,Modern
CH10,Kahuli,79,CH1,Hoike,32,0.008,Modern
CH10,Kahuli,79,CH2,Kalani,27,0.004,Modern
CH10,Kahuli,79,CH3,Lokahi,38,0.006,Modern
CH10,Kahuli,79,CH4,Kolohe,25,0.026,Modern
CH10,Kahuli,79,CH5,Luukia,13,0.084,Modern
CH10,Kahuli,79,CH6,Hulu,80,0.055,Modern
CH10,Kahuli,79,CH7,Kehau,41,0.098,Modern
CH10,Kahuli,79,CH8,Eleele,69,0.046,Modern
CH10,Kahuli,79,CH9,Hoapili,37,0.024,Modern
CH10,Kahuli,79,HOOKU,Hooku,31,0.127,Modern
CH10,Kahuli,79,HulaliABC,Hulali,40,0.011,Modern
CH10,Kahuli,79,KEAWE,Keawe,28,0.002,Modern
CH10,Kahuli,79,KINOHE,Kinohi,33,0,Modern
CH11,Ulia,68,CH12,Lehua,81,0.069,Modern
CH11,Ulia,68,CH13,Noe,58,0.016,Modern
CH11,Ulia,68,CH14,Kelii,26,0.037,Modern
CH11,Ulia,68,CH15,Konaku,71,0.025,Modern
CH11,Ulia,68,CH16,Malama,39,0,Modern
CH11,Ulia,68,CH1,Hoike,32,0.003,Modern
CH11,Ulia,68,CH2,Kalani,27,0,Modern
CH11,Ulia,68,CH3,Lokahi,38,0,Modern
CH11,Ulia,68,CH4,Kolohe,25,0.02,Modern
CH11,Ulia,68,CH5,Luukia,13,0.067,Modern
CH11,Ulia,68,CH6,Hulu,80,0.088,Modern
CH11,Ulia,68,CH7,Kehau,41,0.037,Modern
CH11,Ulia,68,CH8,Eleele,69,0.096,Modern
CH11,Ulia,68,CH9,Hoapili,37,0.029,Modern
CH11,Ulia,68,HOOKU,Hooku,31,0.064,Modern
CH11,Ulia,68,HulaliABC,Hulali,40,0.026,Modern
CH11,Ulia,68,KEAWE,Keawe,28,0,Modern
CH11,Ulia,68,KINOHE,Kinohi,33,0,Modern
CH12,Lehua,81,CH13,Noe,58,0.017,Modern
CH12,Lehua,81,CH14,Kelii,26,0.002,Modern
CH12,Lehua,81,CH15,Konaku,71,0.041,Modern
CH12,Lehua,81,CH16,Malama,39,0,Modern
CH12,Lehua,81,CH1,Hoike,32,0.004,Modern
CH12,Lehua,81,CH2,Kalani,27,0.023,Modern
CH12,Lehua,81,CH3,Lokahi,38,0.004,Modern
CH12,Lehua,81,CH4,Kolohe,25,0.003,Modern
CH12,Lehua,81,CH5,Luukia,13,0.045,Modern
CH12,Lehua,81,CH6,Hulu,80,0.068,Modern
CH12,Lehua,81,CH7,Kehau,41,0.012,Modern
CH12,Lehua,81,CH8,Eleele,69,0.081,Modern
CH12,Lehua,81,CH9,Hoapili,37,0.052,Modern
CH12,Lehua,81,HOOKU,Hooku,31,0.104,Modern
CH12,Lehua,81,HulaliABC,Hulali,40,0.029,Modern
CH12,Lehua,81,KEAWE,Keawe,28,0.022,Modern
CH12,Lehua,81,KINOHE,Kinohi,33,0.001,Modern
CH13,Noe,58,CH14,Kelii,26,0.001,Modern
CH13,Noe,58,CH15,Konaku,71,0.004,Modern
CH13,Noe,58,CH16,Malama,39,0.084,Modern
CH13,Noe,58,CH1,Hoike,32,0,Modern
CH13,Noe,58,CH2,Kalani,27,0,Modern
CH13,Noe,58,CH3,Lokahi,38,0.034,Modern
CH13,Noe,58,CH4,Kolohe,25,0.096,Modern
CH13,Noe,58,CH5,Luukia,13,0.058,Modern
CH13,Noe,58,CH6,Hulu,80,0.063,Modern
CH13,Noe,58,CH7,Kehau,41,0.082,Modern
CH13,Noe,58,CH8,Eleele,69,0.038,Modern
CH13,Noe,58,CH9,Hoapili,37,0.073,Modern
CH13,Noe,58,HOOKU,Hooku,31,0.017,Modern
CH13,Noe,58,HulaliABC,Hulali,40,0.094,Modern
CH13,Noe,58,KEAWE,Keawe,28,0,Modern
CH13,Noe,58,KINOHE,Kinohi,33,0.001,Modern
CH14,Kelii,26,CH15,Konaku,71,0.143,Modern
CH14,Kelii,26,CH16,Malama,39,0.006,Modern
CH14,Kelii,26,CH1,Hoike,32,0.113,Modern
CH14,Kelii,26,CH2,Kalani,27,0.104,Modern
CH14,Kelii,26,CH3,Lokahi,38,0.052,Modern
CH14,Kelii,26,CH4,Kolohe,25,0,Modern
CH14,Kelii,26,CH5,Luukia,13,0.013,Modern
CH14,Kelii,26,CH6,Hulu,80,0.029,Modern
CH14,Kelii,26,CH7,Kehau,41,0.001,Modern
CH14,Kelii,26,CH8,Eleele,69,0.043,Modern
CH14,Kelii,26,CH9,Hoapili,37,0,Modern
CH14,Kelii,26,HOOKU,Hooku,31,0.019,Modern
CH14,Kelii,26,HulaliABC,Hulali,40,0,Modern
CH14,Kelii,26,KEAWE,Keawe,28,0.046,Modern
CH14,Kelii,26,KINOHE,Kinohi,33,0.001,Modern
CH15,Konaku,71,CH16,Malama,39,0.117,Modern
CH15,Konaku,71,CH1,Hoike,32,0.171,Modern
CH15,Konaku,71,CH2,Kalani,27,0.164,Modern
CH15,Konaku,71,CH3,Lokahi,38,0.086,Modern
CH15,Konaku,71,CH4,Kolohe,25,0,Modern
CH15,Konaku,71,CH5,Luukia,13,0,Modern
CH15,Konaku,71,CH6,Hulu,80,0.064,Modern
CH15,Konaku,71,CH7,Kehau,41,0,Modern
CH15,Konaku,71,CH8,Eleele,69,0.042,Modern
CH15,Konaku,71,CH9,Hoapili,37,0,Modern
CH15,Konaku,71,HOOKU,Hooku,31,0.002,Modern
CH15,Konaku,71,HulaliABC,Hulali,40,0,Modern
CH15,Konaku,71,KEAWE,Keawe,28,0.091,Modern
CH15,Konaku,71,KINOHE,Kinohi,33,0.043,Modern
CH16,Malama,39,CH1,Hoike,32,0.038,Modern
CH16,Malama,39,CH2,Kalani,27,0.016,Modern
CH16,Malama,39,CH3,Lokahi,38,0.19,Modern
CH16,Malama,39,CH4,Kolohe,25,0.001,Modern
CH16,Malama,39,CH5,Luukia,13,0,Modern
CH16,Malama,39,CH6,Hulu,80,0.014,Modern
CH16,Malama,39,CH7,Kehau,41,0.017,Modern
CH16,Malama,39,CH8,Eleele,69,0,Modern
CH16,Malama,39,CH9,Hoapili,37,0.051,Modern
CH16,Malama,39,HOOKU,Hooku,31,0,Modern
CH16,Malama,39,HulaliABC,Hulali,40,0,Modern
CH16,Malama,39,KEAWE,Keawe,28,0,Modern
CH16,Malama,39,KINOHE,Kinohi,33,0.031,Modern
CH1,Hoike,32,CH2,Kalani,27,0.137,Modern
CH1,Hoike,32,CH3,Lokahi,38,0.041,Modern
CH1,Hoike,32,CH4,Kolohe,25,0,Modern
CH1,Hoike,32,CH5,Luukia,13,0.025,Modern
CH1,Hoike,32,CH6,Hulu,80,0.06,Modern
CH1,Hoike,32,CH7,Kehau,41,0,Modern
CH1,Hoike,32,CH8,Eleele,69,0.022,Modern
CH1,Hoike,32,CH9,Hoapili,37,0,Modern
CH1,Hoike,32,HOOKU,Hooku,31,0,Modern
CH1,Hoike,32,HulaliABC,Hulali,40,0,Modern
CH1,Hoike,32,KEAWE,Keawe,28,0.023,Modern
CH1,Hoike,32,KINOHE,Kinohi,33,0.009,Modern
CH2,Kalani,27,CH3,Lokahi,38,0.037,Modern
CH2,Kalani,27,CH4,Kolohe,25,0,Modern
CH2,Kalani,27,CH5,Luukia,13,0,Modern
CH2,Kalani,27,CH6,Hulu,80,0.023,Modern
CH2,Kalani,27,CH7,Kehau,41,0.003,Modern
CH2,Kalani,27,CH8,Eleele,69,0.015,Modern
CH2,Kalani,27,CH9,Hoapili,37,0,Modern
CH2,Kalani,27,HOOKU,Hooku,31,0.004,Modern
CH2,Kalani,27,HulaliABC,Hulali,40,0,Modern
CH2,Kalani,27,KEAWE,Keawe,28,0.077,Modern
CH2,Kalani,27,KINOHE,Kinohi,33,0.035,Modern
CH3,Lokahi,38,CH4,Kolohe,25,0.005,Modern
CH3,Lokahi,38,CH5,Luukia,13,0.002,Modern
CH3,Lokahi,38,CH6,Hulu,80,0.052,Modern
CH3,Lokahi,38,CH7,Kehau,41,0.039,Modern
CH3,Lokahi,38,CH8,Eleele,69,0,Modern
CH3,Lokahi,38,CH9,Hoapili,37,0.009,Modern
CH3,Lokahi,38,HOOKU,Hooku,31,0,Modern
CH3,Lokahi,38,HulaliABC,Hulali,40,0.023,Modern
CH3,Lokahi,38,KEAWE,Keawe,28,0.036,Modern
CH3,Lokahi,38,KINOHE,Kinohi,33,0.014,Modern
CH4,Kolohe,25,CH5,Luukia,13,0.055,Modern
CH4,Kolohe,25,CH6,Hulu,80,0.015,Modern
CH4,Kolohe,25,CH7,Kehau,41,0.071,Modern
CH4,Kolohe,25,CH8,Eleele,69,0.045,Modern
CH4,Kolohe,25,CH9,Hoapili,37,0.036,Modern
CH4,Kolohe,25,HOOKU,Hooku,31,0.037,Modern
CH4,Kolohe,25,HulaliABC,Hulali,40,0.015,Modern
CH4,Kolohe,25,KEAWE,Keawe,28,0,Modern
CH4,Kolohe,25,KINOHE,Kinohi,33,0,Modern
CH5,Luukia,13,CH6,Hulu,80,0.043,Modern
CH5,Luukia,13,CH7,Kehau,41,0.085,Modern
CH5,Luukia,13,CH8,Eleele,69,0.088,Modern
CH5,Luukia,13,CH9,Hoapili,37,0.048,Modern
CH5,Luukia,13,HOOKU,Hooku,31,0.152,Modern
CH5,Luukia,13,HulaliABC,Hulali,40,0.051,Modern
CH5,Luukia,13,KEAWE,Keawe,28,0,Modern
CH5,Luukia,13,KINOHE,Kinohi,33,0,Modern
CH6,Hulu,80,CH7,Kehau,41,0.042,Modern
CH6,Hulu,80,CH8,Eleele,69,0.043,Modern
CH6,Hulu,80,CH9,Hoapili,37,0.013,Modern
CH6,Hulu,80,HOOKU,Hooku,31,0.038,Modern
CH6,Hulu,80,HulaliABC,Hulali,40,0.001,Modern
CH6,Hulu,80,KEAWE,Keawe,28,0.03,Modern
CH6,Hulu,80,KINOHE,Kinohi,33,0,Modern
CH7,Kehau,41,CH8,Eleele,69,0.069,Modern
CH7,Kehau,41,CH9,Hoapili,37,0.093,Modern
CH7,Kehau,41,HOOKU,Hooku,31,0.09,Modern
CH7,Kehau,41,HulaliABC,Hulali,40,0.089,Modern
CH7,Kehau,41,KEAWE,Keawe,28,0,Modern
CH7,Kehau,41,KINOHE,Kinohi,33,0.003,Modern
CH8,Eleele,69,CH9,Hoapili,37,0.029,Modern
CH8,Eleele,69,HOOKU,Hooku,31,0.055,Modern
CH8,Eleele,69,HulaliABC,Hulali,40,0.018,Modern
CH8,Eleele,69,KEAWE,Keawe,28,0.012,Modern
CH8,Eleele,69,KINOHE,Kinohi,33,0,Modern
CH9,Hoapili,37,HOOKU,Hooku,31,0.021,Modern
CH9,Hoapili,37,HulaliABC,Hulali,40,0.081,Modern
CH9,Hoapili,37,KEAWE,Keawe,28,0,Modern
CH9,Hoapili,37,KINOHE,Kinohi,33,0,Modern
HOOKU,Hooku,31,HulaliABC,Hulali,40,0.007,Modern
HOOKU,Hooku,31,KEAWE,Keawe,28,0.004,Modern
HOOKU,Hooku,31,KINOHE,Kinohi,33,0,Modern
HulaliABC,Hulali,40,KEAWE,Keawe,28,0,Modern
HulaliABC,Hulali,41,KINOHE,Kinohi,33,0,Modern
KEAWE,Keawe,28,KINOHE,Kinohi,33,0.024,Modern
RCF98-09,NaN,NaN,RCF98-10,NaN,NaN,0.084,Historical
RCF98-09,NaN,NaN,RCF98-11,NaN,NaN,0.038,Historical
RCF98-09,NaN,NaN,RCF98-12,NaN,NaN,0.027,Historical
RCF98-09,NaN,NaN,RCF98-13,NaN,NaN,0.266,Historical
RCF98-09,NaN,NaN,RCF98-15,NaN,NaN,0.006,Historical
RCF98-09,NaN,NaN,RCF98-42,NaN,NaN,0.004,Historical
RCF98-09,NaN,NaN,RCF98-43,NaN,NaN,0.001,Historical
RCF98-09,NaN,NaN,RCF98-44,NaN,NaN,0.015,Historical
RCF98-09,NaN,NaN,RCF98-45,NaN,NaN,0.075,Historical
RCF98-09,NaN,NaN,RCF98-46,NaN,NaN,0.006,Historical
RCF98-09,NaN,NaN,RCF98-47,NaN,NaN,0,Historical
RCF98-09,NaN,NaN,RCF98-48,NaN,NaN,0.003,Historical
RCF98-09,NaN,NaN,RCF98-49,NaN,NaN,0,Historical
RCF98-09,NaN,NaN,RCF99-17,NaN,NaN,0.012,Historical
RCF98-09,NaN,NaN,RCF98-11,NaN,NaN,0.028,Historical
RCF98-09,NaN,NaN,RCF98-12,NaN,NaN,0.038,Historical
RCF98-09,NaN,NaN,RCF98-13,NaN,NaN,  NaN,Historical
RCF98-09,NaN,NaN,RCF98-15,NaN,NaN,0.032,Historical
RCF98-09,NaN,NaN,RCF98-42,NaN,NaN,0.003,Historical
RCF98-09,NaN,NaN,RCF98-43,NaN,NaN,0.004,Historical
RCF98-09,NaN,NaN,RCF98-44,NaN,NaN,0.076,Historical
RCF98-09,NaN,NaN,RCF98-45,NaN,NaN,0.012,Historical
RCF98-09,NaN,NaN,RCF98-46,NaN,NaN,0.017,Historical
RCF98-09,NaN,NaN,RCF98-47,NaN,NaN,0.003,Historical
RCF98-09,NaN,NaN,RCF98-48,NaN,NaN,0.03,Historical
RCF98-09,NaN,NaN,RCF98-49,NaN,NaN,0.014,Historical
RCF98-09,NaN,NaN,RCF99-17,NaN,NaN,0.017,Historical
RCF98-10,NaN,NaN,RCF98-11,NaN,NaN,0.028,Historical
RCF98-10,NaN,NaN,RCF98-12,NaN,NaN,0.038,Historical
RCF98-10,NaN,NaN,RCF98-13,NaN,NaN,  NaN,Historical
RCF98-10,NaN,NaN,RCF98-15,NaN,NaN,0.032,Historical
RCF98-10,NaN,NaN,RCF98-42,NaN,NaN,0.003,Historical
RCF98-10,NaN,NaN,RCF98-43,NaN,NaN,0.004,Historical
RCF98-10,NaN,NaN,RCF98-44,NaN,NaN,0.076,Historical
RCF98-10,NaN,NaN,RCF98-45,NaN,NaN,0.012,Historical
RCF98-10,NaN,NaN,RCF98-46,NaN,NaN,0.017,Historical
RCF98-10,NaN,NaN,RCF98-47,NaN,NaN,0.003,Historical
RCF98-10,NaN,NaN,RCF98-48,NaN,NaN,0.03,Historical
RCF98-10,NaN,NaN,RCF98-49,NaN,NaN,0.014,Historical
RCF98-10,NaN,NaN,RCF99-17,NaN,NaN,0.017,Historical
RCF98-11,NaN,NaN,RCF98-12,NaN,NaN,0.002,Historical
RCF98-11,NaN,NaN,RCF98-13,NaN,NaN,0.097,Historical
RCF98-11,NaN,NaN,RCF98-15,NaN,NaN,0.101,Historical
RCF98-11,NaN,NaN,RCF98-42,NaN,NaN,0.002,Historical
RCF98-11,NaN,NaN,RCF98-43,NaN,NaN,0.001,Historical
RCF98-11,NaN,NaN,RCF98-44,NaN,NaN,0.002,Historical
RCF98-11,NaN,NaN,RCF98-45,NaN,NaN,0.015,Historical
RCF98-11,NaN,NaN,RCF98-46,NaN,NaN,0.014,Historical
RCF98-11,NaN,NaN,RCF98-47,NaN,NaN,0,Historical
RCF98-11,NaN,NaN,RCF98-48,NaN,NaN,0.004,Historical
RCF98-11,NaN,NaN,RCF98-49,NaN,NaN,0,Historical
RCF98-11,NaN,NaN,RCF99-17,NaN,NaN,0.007,Historical
RCF98-12,NaN,NaN,RCF98-13,NaN,NaN,0.015,Historical
RCF98-12,NaN,NaN,RCF98-15,NaN,NaN,0.008,Historical
RCF98-12,NaN,NaN,RCF98-42,NaN,NaN,0.014,Historical
RCF98-12,NaN,NaN,RCF98-43,NaN,NaN,0,Historical
RCF98-12,NaN,NaN,RCF98-44,NaN,NaN,0.004,Historical
RCF98-12,NaN,NaN,RCF98-45,NaN,NaN,0,Historical
RCF98-12,NaN,NaN,RCF98-46,NaN,NaN,0.001,Historical
RCF98-12,NaN,NaN,RCF98-47,NaN,NaN,0,Historical
RCF98-12,NaN,NaN,RCF98-48,NaN,NaN,0.019,Historical
RCF98-12,NaN,NaN,RCF98-49,NaN,NaN,0.005,Historical
RCF98-12,NaN,NaN,RCF99-17,NaN,NaN,0,Historical
RCF98-13,NaN,NaN,RCF98-15,NaN,NaN,0.331,Historical
RCF98-13,NaN,NaN,RCF98-42,NaN,NaN,0.02,Historical
RCF98-13,NaN,NaN,RCF98-43,NaN,NaN,0.001,Historical
RCF98-13,NaN,NaN,RCF98-44,NaN,NaN,0.099,Historical
RCF98-13,NaN,NaN,RCF98-45,NaN,NaN,0.15,Historical
RCF98-13,NaN,NaN,RCF98-46,NaN,NaN,0.115,Historical
RCF98-13,NaN,NaN,RCF98-47,NaN,NaN,0.005,Historical
RCF98-13,NaN,NaN,RCF98-48,NaN,NaN,0.091,Historical
RCF98-13,NaN,NaN,RCF98-49,NaN,NaN,0.006,Historical
RCF98-13,NaN,NaN,RCF99-17,NaN,NaN,0.108,Historical
RCF98-15,NaN,NaN,RCF98-42,NaN,NaN,0.083,Historical
RCF98-15,NaN,NaN,RCF98-43,NaN,NaN,0.046,Historical
RCF98-15,NaN,NaN,RCF98-44,NaN,NaN,0.147,Historical
RCF98-15,NaN,NaN,RCF98-45,NaN,NaN,0.219,Historical
RCF98-15,NaN,NaN,RCF98-46,NaN,NaN,0.199,Historical
RCF98-15,NaN,NaN,RCF98-47,NaN,NaN,0.057,Historical
RCF98-15,NaN,NaN,RCF98-48,NaN,NaN,0.333,Historical
RCF98-15,NaN,NaN,RCF98-49,NaN,NaN,0.012,Historical
RCF98-15,NaN,NaN,RCF99-17,NaN,NaN,0.222,Historical
RCF98-42,NaN,NaN,RCF98-43,NaN,NaN,0.073,Historical
RCF98-42,NaN,NaN,RCF98-44,NaN,NaN,0.133,Historical
RCF98-42,NaN,NaN,RCF98-45,NaN,NaN,0.035,Historical
RCF98-42,NaN,NaN,RCF98-46,NaN,NaN,0.041,Historical
RCF98-42,NaN,NaN,RCF98-47,NaN,NaN,0.001,Historical
RCF98-42,NaN,NaN,RCF98-48,NaN,NaN,0.191,Historical
RCF98-42,NaN,NaN,RCF98-49,NaN,NaN,0.042,Historical
RCF98-42,NaN,NaN,RCF99-17,NaN,NaN,0.001,Historical
RCF98-43,NaN,NaN,RCF98-44,NaN,NaN,0.015,Historical
RCF98-43,NaN,NaN,RCF98-45,NaN,NaN,0,Historical
RCF98-43,NaN,NaN,RCF98-46,NaN,NaN,0,Historical
RCF98-43,NaN,NaN,RCF98-47,NaN,NaN,0,Historical
RCF98-43,NaN,NaN,RCF98-48,NaN,NaN,0.033,Historical
RCF98-43,NaN,NaN,RCF98-49,NaN,NaN,0,Historical
RCF98-43,NaN,NaN,RCF99-17,NaN,NaN,0,Historical
RCF98-44,NaN,NaN,RCF98-45,NaN,NaN,0.012,Historical
RCF98-44,NaN,NaN,RCF98-46,NaN,NaN,0.108,Historical
RCF98-44,NaN,NaN,RCF98-47,NaN,NaN,0,Historical
RCF98-44,NaN,NaN,RCF98-48,NaN,NaN,0.092,Historical
RCF98-44,NaN,NaN,RCF98-49,NaN,NaN,0.003,Historical
RCF98-44,NaN,NaN,RCF99-17,NaN,NaN,0.012,Historical
RCF98-45,NaN,NaN,RCF98-46,NaN,NaN,0.028,Historical
RCF98-45,NaN,NaN,RCF98-47,NaN,NaN,0,Historical
RCF98-45,NaN,NaN,RCF98-48,NaN,NaN,0.006,Historical
RCF98-45,NaN,NaN,RCF98-49,NaN,NaN,0.001,Historical
RCF98-45,NaN,NaN,RCF99-17,NaN,NaN,0,Historical
RCF98-46,NaN,NaN,RCF98-47,NaN,NaN,0,Historical
RCF98-46,NaN,NaN,RCF98-48,NaN,NaN,0.055,Historical
RCF98-46,NaN,NaN,RCF98-49,NaN,NaN,0.002,Historical
RCF98-46,NaN,NaN,RCF99-17,NaN,NaN,0.009,Historical
RCF98-47,NaN,NaN,RCF98-48,NaN,NaN,0.003,Historical
RCF98-47,NaN,NaN,RCF98-49,NaN,NaN,0,Historical
RCF98-47,NaN,NaN,RCF99-17,NaN,NaN,0.001,Historical
RCF98-48,NaN,NaN,RCF98-49,NaN,NaN,0.003,Historical
RCF98-48,NaN,NaN,RCF99-17,NaN,NaN,0.009,Historical
RCF98-49,NaN,NaN,RCF99-17,NaN,NaN,0,Historical
